"DESCRIPTION","DURATION IN MS","NAME","PARENT SUITE","START TIME","STATUS","STOP TIME","SUB SUITE","SUITE","TEST CLASS","TEST METHOD"
"","21209","Verify Button Actions (Click, Double Click, Hover) @regression","firefox","2026-10-04","passed","2026-10-04","Basic Elements - Regression","regression\basicElements.spec.js","",""
"","19908","Complete Form Submission Workflow @e2e","firefox","2026-10-04","passed","2026-10-04","E2E Business Workflows","e2e\e2e_workflow.spec.js","",""
"","4567","Login Test: Invalid Login","webkit","2026-10-04","passed","2026-10-04","Login Functionality - Data Driven","ui\login.spec.js","",""
"","7459","Login Test: Invalid Login","firefox","2026-10-04","passed","2026-10-04","Login Functionality - Data Driven","ui\login.spec.js","",""
"","6303","Login Test: Valid Admin Login","firefox","2026-10-04","passed","2026-10-04","Login Functionality - Data Driven","ui\login.spec.js","",""
"","337","Verify POST request for authentication @api","webkit","2026-10-04","passed","2026-10-04","API Testing","api\api.spec.js","",""
"","7821","Submit form with invalid email: Missing domain name @negative @dataDriven","firefox","2026-10-04","passed","2026-10-04","Forms - Data Driven / Negative Testing","dataDriven\forms.spec.js","",""
"","4111","Verify GET request for test data @api","firefox","2026-10-04","passed","2026-10-04","API Testing","api\api.spec.js","",""
"","197","Verify GET request for test data @api","chromium","2026-10-04","passed","2026-10-04","API Testing","api\api.spec.js","",""
"","5365","Verify Enabled and Disabled Buttons @regression","chromium","2026-10-04","passed","2026-10-04","Basic Elements - Regression","regression\basicElements.spec.js","",""
"","1739","Verify GET request for test data @api","webkit","2026-10-04","passed","2026-10-04","API Testing","api\api.spec.js","",""
"","16179","Complete Form Submission Workflow @e2e","webkit","2026-10-04","passed","2026-10-04","E2E Business Workflows","e2e\e2e_workflow.spec.js","",""
"","287","Verify Base URL returns 200 OK","webkit","2026-10-04","passed","2026-10-04","API Testing","api\api.spec.js","",""
"","4923","Login Test: Valid Admin Login","chromium","2026-10-04","passed","2026-10-04","Login Functionality - Data Driven","ui\login.spec.js","",""
"","21277","Verify Enabled and Disabled Buttons @regression","firefox","2026-10-04","passed","2026-10-04","Basic Elements - Regression","regression\basicElements.spec.js","",""
"","1313","Verify POST request for authentication @api","firefox","2026-10-04","passed","2026-10-04","API Testing","api\api.spec.js","",""
"","6759","Valid Login @smoke","firefox","2026-10-04","passed","2026-10-04","Smoke Suite","smoke\smoke.spec.js","",""
"","8082","Submit form with invalid email: Missing @ and domain @negative @dataDriven","chromium","2026-10-04","passed","2026-10-04","Forms - Data Driven / Negative Testing","dataDriven\forms.spec.js","",""
"","11561","Submit form with invalid email: Missing @ and domain @negative @dataDriven","firefox","2026-10-04","passed","2026-10-04","Forms - Data Driven / Negative Testing","dataDriven\forms.spec.js","",""
"","255","Verify Base URL returns 200 OK","firefox","2026-10-04","passed","2026-10-04","API Testing","api\api.spec.js","",""
"","3428","Login Test: Invalid Login","chromium","2026-10-04","passed","2026-10-04","Login Functionality - Data Driven","ui\login.spec.js","",""
"","8939","Login Test: Valid Admin Login","webkit","2026-10-04","failed","2026-10-04","Login Functionality - Data Driven","ui\login.spec.js","",""
"","9167","Verify Enabled and Disabled Buttons @regression","webkit","2026-10-04","passed","2026-10-04","Basic Elements - Regression","regression\basicElements.spec.js","",""
"","11307","Submit form with invalid email: Missing local part @negative @dataDriven","webkit","2026-10-04","passed","2026-10-04","Forms - Data Driven / Negative Testing","dataDriven\forms.spec.js","",""
"","30454","Submit form with invalid email: Missing local part @negative @dataDriven","firefox","2026-10-04","broken","2026-10-04","Forms - Data Driven / Negative Testing","dataDriven\forms.spec.js","",""
"","222","Verify POST request for authentication @api","chromium","2026-10-04","passed","2026-10-04","API Testing","api\api.spec.js","",""
"","21234","Submit form with invalid email: Missing domain name @negative @dataDriven","webkit","2026-10-04","failed","2026-10-04","Forms - Data Driven / Negative Testing","dataDriven\forms.spec.js","",""
"","7207","Complete Form Submission Workflow @e2e","chromium","2026-10-04","passed","2026-10-04","E2E Business Workflows","e2e\e2e_workflow.spec.js","",""
"","5051","Valid Login @smoke","chromium","2026-10-04","passed","2026-10-04","Smoke Suite","smoke\smoke.spec.js","",""
"","5486","Verify Button Actions (Click, Double Click, Hover) @regression","chromium","2026-10-04","passed","2026-10-04","Basic Elements - Regression","regression\basicElements.spec.js","",""
"","1256","Verify Base URL returns 200 OK","chromium","2026-10-04","passed","2026-10-04","API Testing","api\api.spec.js","",""
"","12693","Valid Login @smoke","webkit","2026-10-04","failed","2026-10-04","Smoke Suite","smoke\smoke.spec.js","",""
"","5429","Submit form with invalid email: Missing domain name @negative @dataDriven","chromium","2026-10-04","passed","2026-10-04","Forms - Data Driven / Negative Testing","dataDriven\forms.spec.js","",""
"","22631","Submit form with invalid email: Missing @ and domain @negative @dataDriven","webkit","2026-10-04","failed","2026-10-04","Forms - Data Driven / Negative Testing","dataDriven\forms.spec.js","",""
"","20073","Verify Button Actions (Click, Double Click, Hover) @regression","webkit","2026-10-04","failed","2026-10-04","Basic Elements - Regression","regression\basicElements.spec.js","",""
"","7274","Submit form with invalid email: Missing local part @negative @dataDriven","chromium","2026-10-04","passed","2026-10-04","Forms - Data Driven / Negative Testing","dataDriven\forms.spec.js","",""
